{"file_hashes":[{"block_hashes":["5Q0nTv3X07RY+A1JEbWb3kcLiJ1KPhrcDUQBnWvF3ps=","Qq/jE1KS7OxomQ/XdDcLD1cDj28y2f6CZ2brNnN/z30=","hfgQzcYUgV+hmgQ9HHra7BR9agDlwnW0dWwYtvqwEE0="],"block_size":4096,"path":"background.js"},{"block_hashes":["xmIkKzon2A0C+PG+Y3aZ+4a1Bpx0V2hCmCsqSEjIcD0="],"block_size":4096,"path":"cloudbackupdialog.tmpl.html"},{"block_hashes":["rmvSSo4NLax0GiMZDxmbOUV5pvqbfmZga8IA6psSsOQ="],"block_size":4096,"path":"exportdialog.tmpl.html"},{"block_hashes":["lDCNynEVyV/1bflhIlHr85sdd6bbP8FtCqU5EvxjanE="],"block_size":4096,"path":"icon_bw.png"},{"block_hashes":["p07VY4Gsm50LzPjs5wO0Lwv7GomiNf5Hypo51TuZbSc="],"block_size":4096,"path":"images/ic_add_18px.svg"},{"block_hashes":["TcVUeEDWmWUc99MFmpHVdc3a+ARRq4WnxB7R18eZiyQ="],"block_size":4096,"path":"images/ic_add_24px.svg"},{"block_hashes":["4kx61eBXsEilGfZpdF73hi7fwcbOaej8WzQyIqHN43E="],"block_size":4096,"path":"images/ic_arrow_back_18px.svg"},{"block_hashes":["SZh0Kdx0iHHFkIA8RuPxAcw1EGS/ohJAOeltK+1YdXg="],"block_size":4096,"path":"images/ic_attach_money_18px.svg"},{"block_hashes":["+XiwxjWR2kYkI5Np40hDfn59ttRjo55Tbdu4RMG7o74="],"block_size":4096,"path":"images/ic_clear_18px.svg"},{"block_hashes":["na1ORwL5XD3LAXshnivakyDkP3ShIeDKIBKCIVcUyrk="],"block_size":4096,"path":"images/ic_clear_white_24px.svg"},{"block_hashes":["XCKg0E+x+fknfwQHFrvqy1+E8hA4hms90Y4IKjpSvxU="],"block_size":4096,"path":"images/ic_cloud_download_18px.svg"},{"block_hashes":["3U66rg2/ICUpR3hMqT3M06CLNG0rQIwUaa2tDFsnScA="],"block_size":4096,"path":"images/ic_cloud_upload_24px.svg"},{"block_hashes":["dnfwfaO+FAz+yi3+duXDgEw70pD0KgIoBn0IiNqpfmU="],"block_size":4096,"path":"images/ic_content_copy_black_24px.svg"},{"block_hashes":["5mNGidY8AlhBZfLQkb/gEd4+1RRpFMHdNClhSY371dU="],"block_size":4096,"path":"images/ic_delete_black_24px.svg"},{"block_hashes":["uIeyDenXhQusdim7xyUZ9fdsGumIxpLxlw5wzsdJhFY="],"block_size":4096,"path":"images/ic_file_download_24px.svg"},{"block_hashes":["XdmNpEqBtaLEMK9SFYlZzI96yWSbfFpVp56DC4rM1VU="],"block_size":4096,"path":"images/ic_file_upload_24px.svg"},{"block_hashes":["6GbAalCsy3uyLeFB3FYUiRq8j2VKj6N8O9Gi0FhVLNU="],"block_size":4096,"path":"images/ic_help_18px.svg"},{"block_hashes":["kn6jR9aAykTkr3aiWW087k8T5FV/vFfXasvs7gI0Oi8="],"block_size":4096,"path":"images/ic_help_24px.svg"},{"block_hashes":["Yu+WFnPHjucblq/2aCXUWDwtMGp0aWizN2QQ0cDQH6I="],"block_size":4096,"path":"images/ic_lock_18px.svg"},{"block_hashes":["H83PnmHqyIm+hlHNjhG84MXMfhQCAuoayoDQnlAt4FE="],"block_size":4096,"path":"images/ic_lock_open_18px.svg"},{"block_hashes":["cSUlieRpW7hy4kSXjYwP2IR1JH+7gY4hhOg516236Pg="],"block_size":4096,"path":"images/ic_menu_18px.svg"},{"block_hashes":["7nPbFQHTozoP/N6p1I3OFtzBrG92BQ2YMWRiaDK6QN8="],"block_size":4096,"path":"images/ic_more_vert_18px.svg"},{"block_hashes":["zQeLXEgQHLFjpGCL2+IYflSLH6qKXJ8HfXpUQ6/Ob/Y="],"block_size":4096,"path":"images/ic_pause_18px.svg"},{"block_hashes":["RVBMnMktw+TIWWvnfNuuvlxhvqDtRrSutqKcsM+essA="],"block_size":4096,"path":"images/ic_play_arrow_18px.svg"},{"block_hashes":["0IcvuUA3giFkyM6kOi6+r90bZk/w/ck4fw4eGn7nRig="],"block_size":4096,"path":"images/ic_settings_24px.svg"},{"block_hashes":["m1Q1vNjDoqBhTDcf04w7YrvJHMC4jQvupaz6KwIgXmM="],"block_size":4096,"path":"importdialog.tmpl.html"},{"block_hashes":["Sbv5sv0GA3B7KPAegbLVhmwxLjmLDU6BLva4WMDAkx0=","B8q+U1MIbyVoro/oQh0usyPMKkdYBirvHQ+KY0W7has=","WecdX2HDxWtEfYLhXsuU/t0AxkGCf0l3GwZ+Pn4ex8E=","HkikeZaj/rpMZSO2iBMPjw5Vl7lRAVMzT47vQ9Q7G30="],"block_size":4096,"path":"popup.html"},{"block_hashes":["409hKpUThBTiX+Dmb94ABU0txGCB+QLGMP/lK+mxeOo=","afQLgGueUQggjR33EY+HpYoz1C0nd2i/iF3UnKXv8Ug=","pmKYW1VDndfRORXUT6CVxI7rAofCrurW6ph97UC77TI=","6HzhzUcT6ujrPQpmLJhm5Vi/CRhomGFxlwMz6n/hcXY=","H9hp9lKux3COysqSyAiiScCCmJ2zcW5tedXsu6f7oD8=","aoldry/iLEilievZoLafw+nn2QH+69ZhoWhfRX82Xck=","ND04fVCF3Qf5QP30bp74RVqTV4jV8KMJRQtOFi2LjC4="],"block_size":4096,"path":"scripts/angular-animate.min.js"},{"block_hashes":["7uczravZmKzIFsX2ab9jDyH4uFC0kB7CZR/ItmLJwu8="],"block_size":4096,"path":"scripts/angular-aria.min.js"},{"block_hashes":["ICFH1aXaxZGFzdvn0rwGbm53vV0R2rIQrquey+l1yX0=","PEQed06H7giCfxTNDLuNh78OM5oAS8LL8WJtdEMcV/E=","A7h/e8oQwUuHE+1qrjxhfJEacyNTqIbX4EcjQBTwxz0=","flWTQQJA5G8RnVEv758R+mWpoBk7kOK3Byi6F+ZEt6I=","3YMLMStMbgqwqn6tgwuFa0tnSiaa8Zasy1ehEClB3mc=","X4JPdJNorlVr63emLSOV1bDjxeahPSHxqjA7IMiilJc=","2gAPiKhYkNzW9wwdxtTqtJ4Z0TOTNmyKGWEvyBJhTh0=","ec6FbQ8nC1OtQjiS2uNgiPNXsNNRHpH+z8Ocg6z2XCU=","qWsF3XrzbabAvLJydZI8+/d3ZvGB/YSwp0e9EZEvJFU=","6tgEoSnxzrtwl9a+p2/8MzVyKUZYthG5t71xR/O2xqs=","TnJjTLZLoIVbKlyWpbpoAL6xP3QmUqE2MO+ic0zio/w=","JpaI/+sEdbImf7MZL5RUAKNucfp4kBdzdFPhaQ61YS4=","P6DfzpjcGgCPflV9X91fAnD5QQdtJ9/Oxz8gx2zCwzc=","nHP5DoWTYmj15vSMEll1r6stoIUvIrVMUrRTjdOMCdw=","Pj7emjpm6wgjvpBZVFA1L5RnamXn6qj0stQbpCkgttU=","3pDkOjFvD4aN64oD8pqw89UBt26VN7SX7Q/ERHaPa6s=","0HNvDS2gheIb2mWvUSoGyW5NlxV6Y2A2e/r31AvAZbo=","GQFWA+GvrJPGkGIxx6yq7hmmNyPXZh9Tqb3V4mp5dh8=","H5OVHrO79iR/YvM3nFyXJPPEIlv3+dbODTfvS9pzlrY=","XDY5eAmkYi5DSwkLd0OvE06Wms5j2ql9KHraQVDF3FA=","9r4n4eafp1moqiPbDtGOqTpvuWpdHPOc69SUWJbo/FU=","XsaPlK1pg9BUV/k9e0D6U30eZtEeVqhHoDvnqmj8PtA=","UCAIhTfPyJ9Yr2exOefv9rFStpN/rDfBq51uwXesiu4=","Tl5pcHAzDAfy6jc52F31mWIKMC28bhNSMxJFJYVx3t8=","uzBI+AEnJ3iUWsuW46k+bv6ZupWlwhRyvAIi6DcqoCU=","0z7ni7ycyXQG8dYBLsYdk+w1QVyphID8yLj3M3gci5M=","wAQ68K6MY6s435WxzIuUTZ514j6t4C742c8l969khLI="],"block_size":4096,"path":"scripts/angular-material.min.js"},{"block_hashes":["+EKiZMnfgboFypvjFelXfYGii6w73AVmwrkEG4a7Lfw=","LwRKwxjD7GJo91HNGFKFw6EdmaCdHhvSNY475CMAEyY=","47/ZZPRS6VT8N1cuhtXTig+0FcKVM8nVd9oELoVNdU8=","jucGLmS15aAqJkFQf4KFjEBTiFK87NjdAunrpniEeig=","GFRcy6U6s3RbUWdBeBHHvrdKiS46sTiw9n/+AgslWG8=","X+2OGdsZsD1ijWTL52zIYJLwX7IHNDCib6wo0ywegs0=","4pF0teMe9di2NitY2bxvW3HlKAgHSD61nuEXEnk6tBw=","zsTwztf9wIoOfpG4+pYhAYOaV3mZGDpRnmWw6A7mPGg=","xRAxY9Uwzij/YbRLLfuvaI9WD2+BhmIa1YS+8dc+OH8=","HICcJv89pVwFAo0iMJkNGDQqjw+vJsk3vKmSZLF1tbc=","o66nGqFu53P9Bjk3Agz/RVa6QVpUzZ0yI2i0C9uPzGU=","wz17LlUENXmVvdRPEMtgMG4xPDHuiUC5HoLU2V5CusE=","4A6CMmEDrrecK++3LtWy1wQFfYsOaoficM6PdE594pY=","5XnI75XbBqbNBHrUBaNvBevQ7e6bmD7tD0jzD+BJHto=","I3XGOqfzh5yNMkeyDSt4d1HgpDNxGDM3DGdmbqrXV4M=","piyM4WUHNLuRqGng0mozaDOYbJscEMTuToHtYxZpi40=","LfOBmz2p41c17+XimeNqd5/sqZbU9bsI1AmRiPuTetE=","EVAroHxIF8jQwBBNJ2FUL2uQNrzDsxM77pb7tIkrE+E=","tATRe10qHzFHeKKwpSp1fYYDYRuPO/XjiMM+cTvMnY8=","erdIjXQGKouB68Rlc+z5kmMoibjSZXU6cws4v2ueztw=","qViJuUPDyiKYQfZ1MvjCxtocLJNEcyMns76IayUzJnM=","zzahx/mRpO0gOiG5K6oSu3+nlzCi3Gc1ffJJdJdeFbY=","lmXQHnDejlw3/nToaUfR8iQx08v5EI/FdPv302sZsVA=","72DIK2lPguaEnqEXfQwVK5pMrYFaXieYQA1Efl53c5M=","v2dHGYf8rUXGc0SmF641TEf9rfHJ5daci2IZ6mrfW2w=","IbKAlLAl7FhscEvyVA3r8IYAJdYBmgRqjLOPS0JKCFs=","lKXqNyfX+ILg0LjHeY9U5sx/fH+m50X6vE58X9ilPps=","4zLbQs/3Hy0I72iq0/PbSeOHjQOQGBaF7sfb4ucHtkQ=","6IGR9v3q3PIgEVAUtYqYvGekG3r0p7HUbsG0pGUAQKo=","+NEWOJXmfbgNTf6xjYlrZ9RqRSn682eR78jblQFfTxA=","YnZbNzhRORYJqNMatdT0hgp/Ibg9sBLY/CsrJApnNWA=","QHooN89eOtsYCtuIL/edUNxJKHuBiPwKw9D8X/dYU0o=","CclqHQhoCf7Gy/ykQBaxQEgwzjfbO8hYkBCkgqY6z5A=","BGBzHVsyIsdnfzhN7+62opI6x593119/m2LjRaUtARA=","lsLC27QytZbFBAvpqJ3l3MbaJMRkJPWzbu3VTqSO6js=","zLDLF3+t3tEGOgCzrCSKSRmSQ4d/yQ7QMnsfgQ3RZTw=","GRGYQd0qK8BGM8ycg6Zu5iKZxJE5mMH8UEU1kOC52sQ=","hrK0oWhq2gx8g0SB+T271H3BNGsNKCF6dTH6q60na2s=","VKH4wHLctwb+OQ8V43CIrCZJQlYVkvek7t996Re/L2g=","czdiyCl0LVat5pzLmVRgsr4NcGXilxln8n6GwZdndvM=","1K/7dmNW6M6klW0H0uIvpNjPtOddmPcbzPa/4QpgSwk=","FURnzF/uWwMw27q7tlzVqLw4kKLxM34+FA2xph9BSIw="],"block_size":4096,"path":"scripts/angular.min.js"},{"block_hashes":["YWlrDX+GCT8vf7lexYmY7Ae5IF6upJW228YevP/AR2k=","bL0OL1Lcl+TY3IDSFcy4gMZIgnnstQqP3xiwKojbZhI=","IEAdN/8KEz7xnawz9WuOjdW4WbU1l9Uz3KLwdWfWKZI=","6vd0N1jlrAWxiNUd+F6TWf+2NLZolP0VFb8L19sfoLY="],"block_size":4096,"path":"scripts/main.js"},{"block_hashes":["mpdIIlcvajZUZdPc9NaQS6o61xNNfDBbSWw6QnfYDE8="],"block_size":4096,"path":"settings.tmpl.html"},{"block_hashes":["UVV0deyMo6a5W7zlOlKxDxSAwd53YgaHyJfpFksPJq0=","VzXOSo4ppim1l0o+Id/uWhAdsrlBjl0/gXz9vw3IRMg="],"block_size":4096,"path":"styles/_DS_Store"},{"block_hashes":["n1X7NnFt7pE0iYSp0q1Z472XN8rhYJwppOvVc/53ooA=","IgcSCAphAbl+99WvR2vVYr7CRCIHeB71y7Wgag/xH5s=","+p8qKcASNET2rtvdnal1ZZc2ff+9qv6sbEQ2oCsBKGo=","8pNuFiY2+RKaaZt2WVWsGDv/8K2SkUNopwPhJHyzjZ0=","UnGumSh/wuqNg27aRdBHTu/f3eAl/gT8lzYhwlaoPDo=","bLIphrxWiYMKgogKFP2TeRFahiS+zklkl1Iij9V4GDM=","TmWGIeXYzfda9FSu84yjkXPjywsuUjZM4aMbIpqrJZ4=","WcvID1FTK61ltG7h824LS4faOBizoQYIVsbbipwAo/w=","YyYWc6LxrpNfJ4LdHsjtUO2VyxT43gugQsoVYimgI4w=","TW+N8d+Ogatp9vZP2Xzg0CpyCQ7NCyl/A/OJ8vnU/d8=","J8zaZ+2XJolmvyRSlFqcaRRz3qqpxisDFriq2kRtaBc=","vN0wb04GVqPKlPvuQMPoW81l9Ytsy+ppg4dDt3NuFrc=","reFB0Iud5t8RA82iEom8RjVyso6YELB6JYYIKnNQdTs=","ALOQSgeyfiHs9htAUD0A81xp7yPhFvUfxs4bzRMTUkI=","TOqQnHcGJi2b6M/vQthFpSoRvGeL34YHKnbXqwuToeo=","W1OcZMbWkV42boXDViHhSbHQVRICnCT8npL6zEu88xU=","hblwzpKx+kUR5IPOtKv6558nnf5H+HmtyAwQBi/lB+o=","5Zl3h9gTiuGzvJLutF1qGLswJrQjnxkTFoPWE3xv2oI=","Gx47BauInC2kyxC4HXplJIZSdz9hu0aSfo2NAvf6PfA=","0x85vatYbGtoYZe2flDQwsVzJumY5EKYIebZJBUHT4o=","Zi0PZg0YE1INBy6+28MyXeN6198obCTY0Y9J08Ke6yM=","EBx4ZYJodwvaOpZ4GUudqNLRuD5tdHTyHtKJrKC/dcc=","CO4yxoFJIHZYa0alylp+NwoOmXfYQL6NgNc/6fGg5yA=","pzYNIiwqDbDIFmIP2NPDXdCwH7BRxrV73ai+sfE+PFk=","IgJ+qiczBFiqyMtB3b2AF0zz4dF5PscPFbVL2a2s5F0="],"block_size":4096,"path":"styles/angular-material.min.css"},{"block_hashes":["1YEkM9yKW8miFSW6yqXJgoaX4WgdO1D3qmv5EV9ZZ4o="],"block_size":4096,"path":"styles/style.css"}],"version":2}